{"Screenshot from 2023-10-30 20-17-07.png112781":{"filename":"Screenshot from 2023-10-30 20-17-07.png","size":112781,"regions":[{"shape_attributes":{"name":"polygon","all_points_x":[91,190,188,91],"all_points_y":[45,40,113,113]},"region_attributes":{"names":"panel"}},{"shape_attributes":{"name":"polygon","all_points_x":[185,91,93,186],"all_points_y":[187,182,117,118]},"region_attributes":{"names":"panel"}},{"shape_attributes":{"name":"polygon","all_points_x":[198,311,307,196],"all_points_y":[38,35,111,113]},"region_attributes":{"names":"panel"}},{"shape_attributes":{"name":"polygon","all_points_x":[308,195,192,308],"all_points_y":[117,118,185,186]},"region_attributes":{"names":"panel"}}],"file_attributes":{}},"Screenshot from 2023-10-30 20-17-26.png129137":{"filename":"Screenshot from 2023-10-30 20-17-26.png","size":129137,"regions":[{"shape_attributes":{"name":"polygon","all_points_x":[59,94,96,58],"all_points_y":[51,50,78,81]},"region_attributes":{"names":"panel"}},{"shape_attributes":{"name":"polygon","all_points_x":[141,103,103,142],"all_points_y":[111,110,134,134]},"region_attributes":{"names":"panel"}}],"file_attributes":{}}}